{"content":[{"id":"52cfa14c","settings":{"stretch_section":"section-stretched","gap":"narrow","background_background":"classic","background_position":"top left","background_repeat":"no-repeat","background_size":"cover","ex_sec_shape_one":"","ex_shape_one_width":{"unit":"%","size":35,"sizes":[]},"ex_shape_one_height":{"unit":"%","size":100,"sizes":[]},"ex_shape_one_bg_image":{"id":96,"url":"http:\/\/perf.expressosoft.com\/tmplw-smart-home\/wp-content\/uploads\/sites\/29\/2019\/09\/Perf-wp-theme-perf-wp-theme-right-barger.png"},"ex_shape_one_bg_image_pos_x":{"unit":"%","size":115,"sizes":[]},"ex_shape_one_bg_image_pos_y":{"unit":"%","size":30,"sizes":[]},"ex_shape_one_bg_image_size":{"unit":"%","size":35,"sizes":[]},"ex_shape_one_z_index":0,"ex_shape_one_position_h":"right","ex_shape_one_offset_x":{"unit":"px","size":0,"sizes":[]},"ex_shape_one_offset_y":{"unit":"%","size":0,"sizes":[]},"ex_shape_one_transform":"","custom_height":{"unit":"px","size":"","sizes":[]},"custom_height_mobile":{"unit":"px","size":0,"sizes":[]},"padding":{"unit":"px","top":"60","right":"0","bottom":"0","left":"0","isLinked":false},"exp_custom_css":".nsltr-frm .eael-form-fields-wrapper {\r\n    display: flex;\r\n}\r\n.nsltr-frm .eael-field-group {\r\n    width: 70%;\r\n}\r\n\r\n@media( max-width: 767px ){\r\n    .nsltr-frm .eael-form-fields-wrapper {\r\n    display: block;\r\n}\r\n.nsltr-frm .eael-field-group {\r\n    width: 100%;\r\n}\r\n.nsltr-frm .eael-mailchimp-subscribe {\r\n    width: 100% !important;\r\n}\r\n}","background_color":"#091020"},"elements":[{"id":"4f01966","settings":{"_column_size":100,"align":"center"},"elements":[{"id":"31434887","settings":{"structure":"20","background_background":"classic","background_color":"#ffffff","box_shadow_box_shadow_type":"yes","box_shadow_box_shadow":{"horizontal":0,"vertical":0,"blur":40,"spread":0,"color":"rgba(97,206,112,0.31)"},"padding":{"unit":"px","top":"30","right":"50","bottom":"30","left":"50","isLinked":false},"padding_mobile":{"unit":"px","top":"30","right":"15","bottom":"30","left":"15","isLinked":false},"margin":{"unit":"px","top":"0","right":0,"bottom":"40","left":0,"isLinked":false}},"elements":[{"id":"984f05c","settings":{"_column_size":50,"_inline_size":59.802},"elements":[{"id":"683e9570","settings":{"title":"Get in touch with us","header_size":"span","title_color":"#000000","typography_typography":"custom","typography_font_family":"Dosis","typography_font_size":{"unit":"px","size":30,"sizes":[]},"eael_tooltip_section_content":"I am a tooltip","eael_ext_content_protection_password_placeholder":"Enter Password","eael_ext_content_protection_password_submit_btn_txt":"Submit","align":"left","align_mobile":"center","typography_font_size_mobile":{"unit":"rem","size":"","sizes":[]},"typography_font_weight":"bold"},"elements":[],"isInner":false,"widgetType":"heading","elType":"widget"},{"id":"1359dbab","settings":{"editor":"<p>There are many variations of passages of Lorem Ipsum available,but the majority have suffered alte ration.<\/p>","align_mobile":"center","typography_typography":"custom","typography_font_family":"Dosis","typography_font_size":{"unit":"px","size":20,"sizes":[]},"eael_tooltip_section_content":"I am a tooltip","eael_ext_content_protection_password_placeholder":"Enter Password","eael_ext_content_protection_password_submit_btn_txt":"Submit","__globals__":{"text_color":"globals\/colors?id=text"}},"elements":[],"isInner":false,"widgetType":"text-editor","elType":"widget"}],"isInner":true,"elType":"column"},{"id":"57747322","settings":{"_column_size":50,"_inline_size":40.094,"content_position":"center","align":"flex-end","align_mobile":"center"},"elements":[{"id":"395df58b","settings":{"text":"Get Started Now","align":"right","size":"md","button_css_id":"btn-mc-starters","typography_typography":"custom","typography_font_family":"Dosis","typography_font_size":{"unit":"px","size":20,"sizes":[]},"typography_font_weight":"bold","typography_text_transform":"uppercase","button_text_color":"#FFFFFF","background_color":"#F42A1A","hover_color":"#000000","button_background_hover_color":"#FFFFFF","align_mobile":"center"},"elements":[],"isInner":false,"widgetType":"button","elType":"widget"}],"isInner":true,"elType":"column"}],"isInner":true,"elType":"section"},{"id":"31f2ffa2","settings":{"title":"Follow Us For Latest Update","align":"center","typography_typography":"custom","typography_font_size":{"unit":"px","size":40,"sizes":[]},"typography_font_size_mobile":{"unit":"rem","size":1.5,"sizes":[]},"typography_font_weight":"600","typography_line_height":{"unit":"em","size":1.3,"sizes":[]},"eael_tooltip_section_content":"I am a tooltip","eael_ext_content_protection_password_placeholder":"Enter Password","eael_ext_content_protection_password_submit_btn_txt":"Submit","title_color":"#FFFFFF","typography_font_family":"Dosis","_padding":{"unit":"px","top":"16","right":"16","bottom":"16","left":"16","isLinked":true},"_padding_mobile":{"unit":"px","top":"25","right":"25","bottom":"25","left":"25","isLinked":true}},"elements":[],"isInner":false,"widgetType":"heading","elType":"widget"},{"id":"6e4d9683","settings":{"social_icon_list":[{"social_icon":{"value":"fab fa-facebook","library":"fa-brands"},"_id":"0076f75"},{"social_icon":{"value":"fab fa-twitter","library":"fa-brands"},"_id":"a780516"},{"social_icon":{"value":"fab fa-instagram","library":"fa-brands"},"_id":"0553a94"},{"social_icon":{"value":"fab fa-linkedin","library":"fa-brands"},"_id":"a5e7122"}],"icon_color":"custom","icon_primary_color":"#FBFBFB00","icon_secondary_color":"#FFFFFF","icon_size":{"unit":"px","size":16,"sizes":[]},"icon_padding":{"unit":"em","size":0.8,"sizes":[]},"icon_spacing":{"unit":"px","size":17,"sizes":[]},"image_border_border":"solid","image_border_color":"#FFFFFF","border_radius":{"unit":"px","top":"50","right":"50","bottom":"50","left":"50","isLinked":true},"hover_primary_color":"#F42A1A","hover_secondary_color":"#FFFFFF","hover_border_color":"#F42A1A"},"elements":[],"isInner":false,"widgetType":"social-icons","elType":"widget"},{"id":"1bab1caf","settings":{"view":"inline","icon_list":[{"text":"Services ","selected_icon":{"value":"","library":""},"_id":"9c300b9","link":{"url":"#","is_external":"","nofollow":"","custom_attributes":""}},{"text":"Company        ","selected_icon":{"value":"","library":""},"_id":"e7f06e3","link":{"url":"#","is_external":"","nofollow":"","custom_attributes":""}},{"text":"Privacy Policy","selected_icon":{"value":"","library":""},"_id":"42624c7","link":{"url":"#","is_external":"","nofollow":"","custom_attributes":""}},{"text":"Download Software","selected_icon":{"value":"","library":""},"_id":"74c3ad0","link":{"url":"#","is_external":"","nofollow":"","custom_attributes":""}}],"space_between":{"unit":"px","size":23,"sizes":[]},"icon_align":"center","text_color":"#FFFFFF","icon_typography_typography":"custom","icon_typography_font_family":"Dosis","icon_typography_font_size":{"unit":"px","size":18,"sizes":[]},"icon_typography_line_height":{"unit":"em","size":4.3,"sizes":[]},"eael_tooltip_section_content":"I am a tooltip","eael_ext_content_protection_password_placeholder":"Enter Password","eael_ext_content_protection_password_submit_btn_txt":"Submit","text_color_hover":"#F42A1A","text_indent":{"unit":"px","size":3,"sizes":[]},"icon_typography_line_height_mobile":{"unit":"px","size":40,"sizes":[]}},"elements":[],"isInner":false,"widgetType":"icon-list","elType":"widget"}],"isInner":false,"elType":"column"}],"isInner":false,"elType":"section"}],"page_settings":[],"version":"0.4","title":"51th Elementor Footer Section","type":"page"}